Biome,Total_SOC (kg),SOC_Density_5_Percentile (kg/m2),SOC_Density_50_Percentile (kg/m2),SOC_Density_95_Percentile (kg/m2),Annual_SOC_Change_5_Percentile (kg/m2),Annual_SOC_Change_50_Percentile (kg/m2),Annual_SOC_Change_95_Percentile (kg/m2),Relative_SOC_Change_5_Percentile,Relative_SOC_Change_50_Percentile,Relative_SOC_Change_95_Percentile
Forest,13981.665344560568,5.142161391519653,7.233701845172492,9.911959919196716,0.042022460777404055,0.13550039963706154,0.23826842077664545,0.6761049088979173,1.6927626371628042,3.1779540909217614
Fynbos,92556.91467293652,2.002714895538778,4.2398596092764524,7.1876778380415836,0.015181984191932884,0.05121497237588003,0.121405357933244,0.4765456597376238,1.322381008240168,2.324659412229434
Grassland,370216.61610874336,1.9895608815615429,4.261829878329031,7.959310953054026,0.023050030231335256,0.050666935366252774,0.12445981993049325,0.6366928400622265,1.272115091952191,2.0740367761721425
NamaKaroo,137573.41117842388,1.0467405585319,1.47217461077533,2.884271802858897,0.00032962551059986,0.013858444855513564,0.047576431918475076,0.025741338946022825,0.9799463778671923,1.8790564270984946
Savanna,350723.50556365185,1.2170934665518371,2.6729335877708587,7.362686845287102,0.008307294373316164,0.03695736058401085,0.11923502403931169,0.5651952111186022,1.3947488954215919,2.3639427536802886
SucculentKaroo,40489.19530445972,1.2666925068147854,1.6154837598251492,3.1549494478292632,-0.002669280138287991,0.012159066565664059,0.03784328435028142,-0.19215616344359093,0.7467443939176914,1.7696165363073624
Thicket,59833.745631778846,2.4481926300493373,5.371659381695025,8.725066087909994,0.009590907505254487,0.0649914958609717,0.18813294271830225,0.2586916423920533,1.1970661037862573,2.3730610481923
Total,1065375.0538045547,1.1440068848585936,2.596953080425436,7.341471522243177,0.002709974709227432,0.03401139762055912,0.11569147496876095,0.2269585996887352,1.2317700608217126,2.1889165667448927
