Biome,Net_SOC,Net_SOC_Change_Percent
Forest,1396.0826532488004,1.7939948235914434
Fynbos,10053.921719481295,1.4056062323137224
SucculentKaroo,4369.285463234859,0.8629526414312725
NamaKaroo,14052.58239855766,1.1224125061672368
Thicket,6427.008596196603,1.224536089326388
Savanna,37748.71672963812,1.515216144304121
Grassland,34061.6134053643,1.6989703960958795
