Biome,Total_SOC (kg),SOC_Density_5_Percentile (kg/m2),SOC_Density_50_Percentile (kg/m2),SOC_Density_95_Percentile (kg/m2),Annual_SOC_Change_5_Percentile (kg/m2),Annual_SOC_Change_50_Percentile (kg/m2),Annual_SOC_Change_95_Percentile (kg/m2),Relative_SOC_Change_5_Percentile,Relative_SOC_Change_50_Percentile,Relative_SOC_Change_95_Percentile
Forest,12657.170879114377,5.124950946062076,6.591056398120836,8.662235072700149,0.02730156907031164,0.15027919592677513,0.2025623817354746,0.45559666690439776,2.312004147136416,2.9331997819680136
Fynbos,88080.84437948336,2.0177305299022255,3.900964563027192,6.474371078719681,0.03182961360401888,0.08850617900189764,0.21241883200986234,1.067691995654358,2.522468709947235,3.9750113233080877
Grassland,409791.2599778838,3.433438226818042,4.781324962437109,7.8379517735182525,0.060012826733922775,0.09310440839854028,0.17668441957239317,1.2985619577077259,2.044006877623696,2.702800232423102
NamaKaroo,171191.09498762686,1.249926881352626,1.7987726683727834,3.6548418450413807,-0.00014761427829525282,0.010298824955132898,0.09353753722895675,-0.010555895746706236,0.5931911874893735,2.837761816058154
Savanna,426034.9566374863,1.4733523176423866,3.6075720750691405,6.790572917534433,0.0033238797804574717,0.07566711118867389,0.15346183861383073,0.20910980201642884,2.072873471531873,2.8682086672012574
SucculentKaroo,36651.967561112215,0.6384152047137555,1.4660341809029374,3.149861121776766,0.0001071026908503339,0.019578447278980005,0.0929742207218719,0.012894008254267656,1.390562429836708,3.73962294808586
Thicket,58273.51227660232,2.6926857869917193,5.311580982388524,7.728315632599723,0.02325249004766774,0.10761563031195087,0.19346387687222266,0.5265022542680848,1.9657177023379322,3.353354550315427
Total,1202680.806699309,1.2942926939639643,3.4982598812243237,6.980626002312657,0.00014402761867059332,0.07324972365060892,0.1620450636248508,0.012195437848896888,1.9546376625746569,3.0195131853006196
