Biome,Net_SOC,Net_SOC_Change_Percent
Forest,1249.8854847054804,1.9917723001767769
Fynbos,10288.365237370206,1.5112203649817317
SucculentKaroo,5563.127156587274,0.7869693344799604
NamaKaroo,17899.145040789197,0.9813812855191861
Thicket,5983.6070081114585,1.4367625413159464
Savanna,43485.638423547105,1.6647306660368388
Grassland,37004.39441051038,1.634937379749978
