Biome,Net_SOC,Net_SOC_Change_Percent
Forest,1210.128098534688,1.267575804494187
Fynbos,8799.577646048587,1.0298522152082856
SucculentKaroo,4165.572487061813,0.53455565117212
NamaKaroo,12712.627936608566,0.8192891917770855
Thicket,5859.849243884344,0.980834738779598
Savanna,34851.910573858906,0.9754758456573617
Grassland,31334.66887584648,1.3450410545189302
