Biome,Net_SOC,Net_SOC_Change_Percent
Forest,782.695685632078,0.2921204608380372
Fynbos,7735.85257084985,0.3627041948674929
SucculentKaroo,7232.255626008275,0.02394972289706601
NamaKaroo,18679.179648786514,0.03075149155791438
Thicket,4889.412789906875,0.3341060766919506
Savanna,31681.867010171907,-0.045795397092677784
Grassland,27487.0350883031,0.005945598668857802
