Biome,Net_SOC,Net_SOC_Change_Percent
Forest,1571.8882316631054,1.5698654293291243
Fynbos,10851.027389143794,1.248774381636779
SucculentKaroo,4370.068400239257,0.7197147273308395
NamaKaroo,13944.228696476413,0.749206840172761
Thicket,6437.623013057154,1.2824232566300937
Savanna,38432.03766782176,1.0945012174182935
Grassland,33924.405237144296,1.3565915735634808
